-- restaurantsテーブル
INSERT IGNORE INTO restaurants (id, name, image_name, description, lower_price, upper_price, address, phone_number ,opening_time, closing_time, regular_holiday, capacity, category_id) VALUES (1, '揚げ物太郎', 'restaurant01.jpeg', 'サクサクの揚げ物と豊富なバリエーションで、贅沢なひとときを。当店で唯一無二の揚げ物体験をお楽しみください！', 2000, 4000, '愛知県名古屋市熱田区青池町X-XX-XX', '012-345-678' , '10:00:00', '22:00:00', '月曜日', 100, 7);
INSERT IGNORE INTO restaurants (id, name, image_name, description, lower_price, upper_price, address, phone_number ,opening_time, closing_time, regular_holiday, capacity, category_id) VALUES (2, '焼き物太郎', 'restaurant02.jpeg', '焼きたての香りと絶妙な焼き加減。当店の焼き物は新鮮な食材と職人の技が融合し、一口で季節を感じる至福のひとときを提供します。ぜひ、贅沢な焼き物をご堪能ください。', 1000, 3000, '愛知県名古屋市熱田区明野町X-XX-XX', '012-345-678' , '14:00:00', '23:00:00', '火曜日', 50, 3);
INSERT IGNORE INTO restaurants (id, name, image_name, description, lower_price, upper_price, address, phone_number ,opening_time, closing_time, regular_holiday, capacity, category_id) VALUES (3, '海鮮太郎', 'restaurant03.jpeg', '新鮮な海の幸を心ゆくまで。当店の海鮮料理は、海の恵みを極上の味わいに昇華。新鮮な刺身から季節織りなす特製料理まで、海の旨みを贅沢にお楽しみいただけます。', 3000, 5000, '愛知県名古屋市熱田区池内町X-XX-XX', '012-345-678' , '8:00:00', '18:00:00', '水曜日', 30, 6);
INSERT IGNORE INTO restaurants (id, name, image_name, description, lower_price, upper_price, address, phone_number ,opening_time, closing_time, regular_holiday, capacity, category_id) VALUES (4, '煮込み太郎', 'restaurant04.jpeg', '1日の疲れを癒す、心温まる味わい。当店の煮込み料理は、丁寧に仕込まれた秘伝の出汁と厳選された食材が調和し、深いコクと風味をお届けします。季節感あふれる煮込み料理で心と体を温めませんか？', 2000, 5000, '愛知県名古屋市熱田区金山X-XX-XX', '012-345-678' , '9:00:00', '20:00:00', '木曜日', 40, 1);
INSERT IGNORE INTO restaurants (id, name, image_name, description, lower_price, upper_price, address, phone_number ,opening_time, closing_time, regular_holiday, capacity, category_id) VALUES (5, '鍋太郎', 'restaurant05.jpeg', '寒い季節も心と体が温まる、ここでしか味わえない鍋の楽しみ。あたたかな雰囲気と美味しい鍋で、大切なひとときをお楽しみください。', 2000, 3000, '愛知県名古屋市熱田区桜田町X-XX-XX', '012-345-678' , '9:00:00', '21:00:00', '金曜日', 30, 2);
INSERT IGNORE INTO restaurants (id, name, image_name, description, lower_price, upper_price, address, phone_number ,opening_time, closing_time, regular_holiday, capacity, category_id) VALUES (6, '麺太郎', 'restaurant06.jpeg', '当店の麺料理は職人の心意気が感じられ、熟練の技が魅せる逸品ばかり。こだわりの麺と風味豊かなスープが、至福の時間をお届けします。是非、ご賞味ください。', 1000, 2000, '愛知県名古屋市熱田区大宝X-XX-XX', '012-345-678' , '9:00:00', '21:00:00', '土曜日', 10, 5);
INSERT IGNORE INTO restaurants (id, name, image_name, description, lower_price, upper_price, address, phone_number ,opening_time, closing_time, regular_holiday, capacity, category_id) VALUES (7, '丼太郎', 'restaurant07.jpeg', '盛り付けられた一杯が、心を満たす至福の瞬間を。当店の丼料理は、新鮮な食材と独自の味付けが調和し、ヘルシーで美味しいバランスを追求。丼ひとつで旅するような味覚体験をお楽しみください。', 1000, 2000, '愛知県名古屋市熱田区比々野町X-XX-XX', '012-345-678' , '11:00:00', '16:00:00', '日曜日', 15, 4);
INSERT IGNORE INTO restaurants (id, name, image_name, description, lower_price, upper_price, address, phone_number ,opening_time, closing_time, regular_holiday, capacity, category_id) VALUES (8, '揚げ物次郎', 'restaurant01.jpeg', 'サクサクの揚げ物と豊富なバリエーションで、贅沢なひとときを。当店で唯一無二の揚げ物体験をお楽しみください！', 2000, 4000, '愛知県名古屋市昭和区曙町X-XX-XX', '012-345-678' , '10:00:00', '22:00:00', '日曜日', 100, 7);
INSERT IGNORE INTO restaurants (id, name, image_name, description, lower_price, upper_price, address, phone_number ,opening_time, closing_time, regular_holiday, capacity, category_id) VALUES (9, '焼き物次郎', 'restaurant02.jpeg', '焼きたての香りと絶妙な焼き加減。当店の焼き物は新鮮な食材と職人の技が融合し、一口で季節を感じる至福のひとときを提供します。ぜひ、贅沢な焼き物をご堪能ください。', 1000, 3000, '愛知県名古屋市昭和区石仏町X-XX-XX', '012-345-678' , '14:00:00', '23:00:00', '月曜日', 50, 3);
INSERT IGNORE INTO restaurants (id, name, image_name, description, lower_price, upper_price, address, phone_number ,opening_time, closing_time, regular_holiday, capacity, category_id) VALUES (10, '海鮮次郎', 'restaurant03.jpeg', '新鮮な海の幸を心ゆくまで。当店の海鮮料理は、海の恵みを極上の味わいに昇華。新鮮な刺身から季節織りなす特製料理まで、海の旨みを贅沢にお楽しみいただけます。', 3000, 5000, '愛知県名古屋市昭和区折戸町X-XX-XX', '012-345-678' , '8:00:00', '18:00:00', '火曜日', 30, 6);
INSERT IGNORE INTO restaurants (id, name, image_name, description, lower_price, upper_price, address, phone_number ,opening_time, closing_time, regular_holiday, capacity, category_id) VALUES (11, '煮込み次郎', 'restaurant04.jpeg', '1日の疲れを癒す、心温まる味わい。当店の煮込み料理は、丁寧に仕込まれた秘伝の出汁と厳選された食材が調和し、深いコクと風味をお届けします。季節感あふれる煮込み料理で心と体を温めませんか？', 2000, 5000, '愛知県名古屋市昭和区川原通X-XX-XX', '012-345-678' , '9:00:00', '20:00:00', '水曜日', 40, 1);
INSERT IGNORE INTO restaurants (id, name, image_name, description, lower_price, upper_price, address, phone_number ,opening_time, closing_time, regular_holiday, capacity, category_id) VALUES (12, '鍋次郎', 'restaurant05.jpeg', '寒い季節も心と体が温まる、ここでしか味わえない鍋の楽しみ。あたたかな雰囲気と美味しい鍋で、大切なひとときをお楽しみください。', 2000, 3000, '愛知県名古屋市昭和区車田町X-XX-XX', '012-345-678' , '9:00:00', '21:00:00', '木曜日', 30, 2);
INSERT IGNORE INTO restaurants (id, name, image_name, description, lower_price, upper_price, address, phone_number ,opening_time, closing_time, regular_holiday, capacity, category_id) VALUES (13, '麺次郎', 'restaurant06.jpeg', '当店の麺料理は職人の心意気が感じられ、熟練の技が魅せる逸品ばかり。こだわりの麺と風味豊かなスープが、至福の時間をお届けします。是非、ご賞味ください。', 1000, 2000, '愛知県名古屋市昭和区白金X-XX-XX', '012-345-678' , '9:00:00', '21:00:00', '金曜日', 10, 5);
INSERT IGNORE INTO restaurants (id, name, image_name, description, lower_price, upper_price, address, phone_number ,opening_time, closing_time, regular_holiday, capacity, category_id) VALUES (14, '丼次郎', 'restaurant07.jpeg', '盛り付けられた一杯が、心を満たす至福の瞬間を。当店の丼料理は、新鮮な食材と独自の味付けが調和し、ヘルシーで美味しいバランスを追求。丼ひとつで旅するような味覚体験をお楽しみください。', 1000, 2000, '愛知県名古屋市昭和区台町X-XX-XX', '012-345-678' , '11:00:00', '16:00:00', '土曜日', 15, 4);
INSERT IGNORE INTO restaurants (id, name, image_name, description, lower_price, upper_price, address, phone_number ,opening_time, closing_time, regular_holiday, capacity, category_id) VALUES (15, '揚げ物三郎', 'restaurant01.jpeg', 'サクサクの揚げ物と豊富なバリエーションで、贅沢なひとときを。当店で唯一無二の揚げ物体験をお楽しみください！', 2000, 4000, '愛知県名古屋市中川区愛知町X-XX-XX', '012-345-678' , '10:00:00', '22:00:00', '火曜日', 100, 7);
INSERT IGNORE INTO restaurants (id, name, image_name, description, lower_price, upper_price, address, phone_number ,opening_time, closing_time, regular_holiday, capacity, category_id) VALUES (16, '焼き物三郎', 'restaurant02.jpeg', '焼きたての香りと絶妙な焼き加減。当店の焼き物は新鮮な食材と職人の技が融合し、一口で季節を感じる至福のひとときを提供します。ぜひ、贅沢な焼き物をご堪能ください。', 1000, 3000, '愛知県名古屋市中川区荒子町X-XX-XX', '012-345-678' , '14:00:00', '23:00:00', '水曜日', 50, 3);
INSERT IGNORE INTO restaurants (id, name, image_name, description, lower_price, upper_price, address, phone_number ,opening_time, closing_time, regular_holiday, capacity, category_id) VALUES (17, '海鮮三郎', 'restaurant03.jpeg', '新鮮な海の幸を心ゆくまで。当店の海鮮料理は、海の恵みを極上の味わいに昇華。新鮮な刺身から季節織りなす特製料理まで、海の旨みを贅沢にお楽しみいただけます。', 3000, 5000, '愛知県名古屋市中川区牛立町X-XX-XX', '012-345-678' , '8:00:00', '18:00:00', '木曜日', 30, 6);
INSERT IGNORE INTO restaurants (id, name, image_name, description, lower_price, upper_price, address, phone_number ,opening_time, closing_time, regular_holiday, capacity, category_id) VALUES (18, '煮込み三郎', 'restaurant04.jpeg', '1日の疲れを癒す、心温まる味わい。当店の煮込み料理は、丁寧に仕込まれた秘伝の出汁と厳選された食材が調和し、深いコクと風味をお届けします。季節感あふれる煮込み料理で心と体を温めませんか？', 2000, 5000, '愛知県名古屋市中川区馬手町X-XX-XX', '012-345-678' , '9:00:00', '20:00:00', '金曜日', 40, 1);
INSERT IGNORE INTO restaurants (id, name, image_name, description, lower_price, upper_price, address, phone_number ,opening_time, closing_time, regular_holiday, capacity, category_id) VALUES (19, '鍋三郎', 'restaurant05.jpeg', '寒い季節も心と体が温まる、ここでしか味わえない鍋の楽しみ。あたたかな雰囲気と美味しい鍋で、大切なひとときをお楽しみください。', 2000, 3000, '愛知県名古屋市中川区運河町X-XX-XX', '012-345-678' , '9:00:00', '21:00:00', '土曜日', 30, 2);
INSERT IGNORE INTO restaurants (id, name, image_name, description, lower_price, upper_price, address, phone_number ,opening_time, closing_time, regular_holiday, capacity, category_id) VALUES (20, '麺三郎', 'restaurant06.jpeg', '当店の麺料理は職人の心意気が感じられ、熟練の技が魅せる逸品ばかり。こだわりの麺と風味豊かなスープが、至福の時間をお届けします。是非、ご賞味ください。', 1000, 2000, '愛知県名古屋市中川区江松X-XX-XX', '012-345-678' , '9:00:00', '21:00:00', '日曜日', 10, 5);
INSERT IGNORE INTO restaurants (id, name, image_name, description, lower_price, upper_price, address, phone_number ,opening_time, closing_time, regular_holiday, capacity, category_id) VALUES (21, '丼三郎', 'restaurant07.jpeg', '盛り付けられた一杯が、心を満たす至福の瞬間を。当店の丼料理は、新鮮な食材と独自の味付けが調和し、ヘルシーで美味しいバランスを追求。丼ひとつで旅するような味覚体験をお楽しみください。', 1000, 2000, '愛知県名古屋市中川区大山X-XX-XX', '012-345-678' , '11:00:00', '16:00:00', '月曜日', 15, 4);
INSERT IGNORE INTO restaurants (id, name, image_name, description, lower_price, upper_price, address, phone_number ,opening_time, closing_time, regular_holiday, capacity, category_id) VALUES (22, '揚げ物屋', 'restaurant01.jpeg', 'サクサクの揚げ物と豊富なバリエーションで、贅沢なひとときを。当店で唯一無二の揚げ物体験をお楽しみください！', 2000, 4000, '愛知県名古屋市東区葵X-XX-XX', '012-345-678' , '10:00:00', '22:00:00', '水曜日', 100, 7);
INSERT IGNORE INTO restaurants (id, name, image_name, description, lower_price, upper_price, address, phone_number ,opening_time, closing_time, regular_holiday, capacity, category_id) VALUES (23, '焼き物屋', 'restaurant02.jpeg', '焼きたての香りと絶妙な焼き加減。当店の焼き物は新鮮な食材と職人の技が融合し、一口で季節を感じる至福のひとときを提供します。ぜひ、贅沢な焼き物をご堪能ください。', 1000, 3000, '愛知県名古屋市東区飯田町X-XX-XX', '012-345-678' , '14:00:00', '23:00:00', '木曜日', 50, 3);
INSERT IGNORE INTO restaurants (id, name, image_name, description, lower_price, upper_price, address, phone_number ,opening_time, closing_time, regular_holiday, capacity, category_id) VALUES (24, '海鮮屋', 'restaurant03.jpeg', '新鮮な海の幸を心ゆくまで。当店の海鮮料理は、海の恵みを極上の味わいに昇華。新鮮な刺身から季節織りなす特製料理まで、海の旨みを贅沢にお楽しみいただけます。', 3000, 5000, '愛知県名古屋市東区泉X-XX-XX', '012-345-678' , '8:00:00', '18:00:00', '金曜日', 30, 6);
INSERT IGNORE INTO restaurants (id, name, image_name, description, lower_price, upper_price, address, phone_number ,opening_time, closing_time, regular_holiday, capacity, category_id) VALUES (25, '煮込み屋', 'restaurant04.jpeg', '1日の疲れを癒す、心温まる味わい。当店の煮込み料理は、丁寧に仕込まれた秘伝の出汁と厳選された食材が調和し、深いコクと風味をお届けします。季節感あふれる煮込み料理で心と体を温めませんか？', 2000, 5000, '愛知県名古屋市東区黒門町X-XX-XX', '012-345-678' , '9:00:00', '20:00:00', '土曜日', 40, 1);
INSERT IGNORE INTO restaurants (id, name, image_name, description, lower_price, upper_price, address, phone_number ,opening_time, closing_time, regular_holiday, capacity, category_id) VALUES (26, '鍋屋', 'restaurant05.jpeg', '寒い季節も心と体が温まる、ここでしか味わえない鍋の楽しみ。あたたかな雰囲気と美味しい鍋で、大切なひとときをお楽しみください。', 2000, 3000, '愛知県名古屋市東区古出来X-XX-XX', '012-345-678' , '9:00:00', '21:00:00', '日曜日', 30, 2);
INSERT IGNORE INTO restaurants (id, name, image_name, description, lower_price, upper_price, address, phone_number ,opening_time, closing_time, regular_holiday, capacity, category_id) VALUES (27, '麺屋', 'restaurant06.jpeg', '当店の麺料理は職人の心意気が感じられ、熟練の技が魅せる逸品ばかり。こだわりの麺と風味豊かなスープが、至福の時間をお届けします。是非、ご賞味ください。', 1000, 2000, '愛知県名古屋市東区三の丸X-XX-XX', '012-345-678' , '9:00:00', '21:00:00', '月曜日', 10, 5);
INSERT IGNORE INTO restaurants (id, name, image_name, description, lower_price, upper_price, address, phone_number ,opening_time, closing_time, regular_holiday, capacity, category_id) VALUES (28, '丼屋', 'restaurant07.jpeg', '盛り付けられた一杯が、心を満たす至福の瞬間を。当店の丼料理は、新鮮な食材と独自の味付けが調和し、ヘルシーで美味しいバランスを追求。丼ひとつで旅するような味覚体験をお楽しみください。', 1000, 2000, '愛知県名古屋市東区砂田橋X-XX-XX', '012-345-678' , '11:00:00', '16:00:00', '火曜日', 15, 4);
INSERT IGNORE INTO restaurants (id, name, image_name, description, lower_price, upper_price, address, phone_number ,opening_time, closing_time, regular_holiday, capacity, category_id) VALUES (29, '揚げ物処', 'restaurant01.jpeg', 'サクサクの揚げ物と豊富なバリエーションで、贅沢なひとときを。当店で唯一無二の揚げ物体験をお楽しみください！', 2000, 4000, '愛知県名古屋市港区秋葉X-XX-XX', '012-345-678' , '10:00:00', '22:00:00', '木曜日', 100, 7);
INSERT IGNORE INTO restaurants (id, name, image_name, description, lower_price, upper_price, address, phone_number ,opening_time, closing_time, regular_holiday, capacity, category_id) VALUES (30, '焼き物処', 'restaurant02.jpeg', '焼きたての香りと絶妙な焼き加減。当店の焼き物は新鮮な食材と職人の技が融合し、一口で季節を感じる至福のひとときを提供します。ぜひ、贅沢な焼き物をご堪能ください。', 1000, 3000, '愛知県名古屋市港区稲永X-XX-XX', '012-345-678' , '14:00:00', '23:00:00', '金曜日', 50, 3);
INSERT IGNORE INTO restaurants (id, name, image_name, description, lower_price, upper_price, address, phone_number ,opening_time, closing_time, regular_holiday, capacity, category_id) VALUES (31, '海鮮処', 'restaurant03.jpeg', '新鮮な海の幸を心ゆくまで。当店の海鮮料理は、海の恵みを極上の味わいに昇華。新鮮な刺身から季節織りなす特製料理まで、海の旨みを贅沢にお楽しみいただけます。', 3000, 5000, '愛知県名古屋市港区入船X-XX-XX', '012-345-678' , '8:00:00', '18:00:00', '土曜日', 30, 6);
INSERT IGNORE INTO restaurants (id, name, image_name, description, lower_price, upper_price, address, phone_number ,opening_time, closing_time, regular_holiday, capacity, category_id) VALUES (32, '煮込み処', 'restaurant04.jpeg', '1日の疲れを癒す、心温まる味わい。当店の煮込み料理は、丁寧に仕込まれた秘伝の出汁と厳選された食材が調和し、深いコクと風味をお届けします。季節感あふれる煮込み料理で心と体を温めませんか？', 2000, 5000, '愛知県名古屋市港区いろは町X-XX-XX', '012-345-678' , '9:00:00', '20:00:00', '日曜日', 40, 1);
INSERT IGNORE INTO restaurants (id, name, image_name, description, lower_price, upper_price, address, phone_number ,opening_time, closing_time, regular_holiday, capacity, category_id) VALUES (33, '鍋処', 'restaurant05.jpeg', '寒い季節も心と体が温まる、ここでしか味わえない鍋の楽しみ。あたたかな雰囲気と美味しい鍋で、大切なひとときをお楽しみください。', 2000, 3000, '愛知県名古屋市港区大手町X-XX-XX', '012-345-678' , '9:00:00', '21:00:00', '月曜日', 30, 2);
INSERT IGNORE INTO restaurants (id, name, image_name, description, lower_price, upper_price, address, phone_number ,opening_time, closing_time, regular_holiday, capacity, category_id) VALUES (34, '麺処', 'restaurant06.jpeg', '当店の麺料理は職人の心意気が感じられ、熟練の技が魅せる逸品ばかり。こだわりの麺と風味豊かなスープが、至福の時間をお届けします。是非、ご賞味ください。', 1000, 2000, '愛知県名古屋市港区大西X-XX-XX', '012-345-678' , '9:00:00', '21:00:00', '火曜日', 10, 5);
INSERT IGNORE INTO restaurants (id, name, image_name, description, lower_price, upper_price, address, phone_number ,opening_time, closing_time, regular_holiday, capacity, category_id) VALUES (35, '丼処', 'restaurant07.jpeg', '盛り付けられた一杯が、心を満たす至福の瞬間を。当店の丼料理は、新鮮な食材と独自の味付けが調和し、ヘルシーで美味しいバランスを追求。丼ひとつで旅するような味覚体験をお楽しみください。', 1000, 2000, '愛知県名古屋市港区小川X-XX-XX', '012-345-678' , '11:00:00', '16:00:00', '水曜日', 15, 4);


-- rolesテーブル
INSERT IGNORE INTO roles (id, name) VALUES (1, 'ROLE_GENERAL');
INSERT IGNORE INTO roles (id, name) VALUES (2, 'ROLE_SUBSCRIBERS');
INSERT IGNORE INTO roles (id, name) VALUES (3, 'ROLE_ADMIN');


-- usersテーブル
INSERT IGNORE INTO users (id, name, postal_code, address, phone_number, email, password, role_id, enabled) VALUES (1, '侍 太郎', '101-0022', '東京都千代田区神田練塀町300番地', '090-1234-5678', 'taro.samurai@example.com', '$2a$10$2JNjTwZBwo7fprL2X4sv.OEKqxnVtsVQvuXDkI8xVGix.U3W5B7CO', 1, true);
INSERT IGNORE INTO users (id, name, postal_code, address, phone_number, email, password, role_id, enabled) VALUES (2, '侍 花子', '101-0022', '東京都千代田区神田練塀町300番地', '090-1234-5678', 'hanako.samurai@example.com', '$2a$10$2JNjTwZBwo7fprL2X4sv.OEKqxnVtsVQvuXDkI8xVGix.U3W5B7CO', 3, true);
INSERT IGNORE INTO users (id, name, postal_code, address, phone_number, email, password, role_id, enabled) VALUES (3, '侍 義勝', '638-0644', '奈良県五條市西吉野町湯川X-XX-XX', '090-1234-5678', 'yoshikatsu.samurai@example.com', '$2a$10$2JNjTwZBwo7fprL2X4sv.OEKqxnVtsVQvuXDkI8xVGix.U3W5B7CO', 2, true);
INSERT IGNORE INTO users (id, name, postal_code, address, phone_number, email, password, role_id, enabled) VALUES (4, '侍 幸美', '342-0006', '埼玉県吉川市南広島X-XX-XX', '090-1234-5678', 'sachimi.samurai@example.com', 'password', 1, false);
INSERT IGNORE INTO users (id, name, postal_code, address, phone_number, email, password, role_id, enabled) VALUES (5, '侍 雅', '527-0209', '滋賀県東近江市佐目町X-XX-XX', '090-1234-5678', 'miyabi.samurai@example.com', 'password', 1, false);
INSERT IGNORE INTO users (id, name, postal_code, address, phone_number, email, password, role_id, enabled) VALUES (6, '侍 正保', '989-1203', '宮城県柴田郡大河原町旭町X-XX-XX', '090-1234-5678', 'masayasu.samurai@example.com', 'password', 1, false);
INSERT IGNORE INTO users (id, name, postal_code, address, phone_number, email, password, role_id, enabled) VALUES (7, '侍 真由美', '951-8015', '新潟県新潟市松岡町X-XX-XX', '090-1234-5678', 'mayumi.samurai@example.com', 'password', 1, false);
INSERT IGNORE INTO users (id, name, postal_code, address, phone_number, email, password, role_id, enabled) VALUES (8, '侍 安民', '241-0033', '神奈川県横浜市旭区今川町X-XX-XX', '090-1234-5678', 'yasutami.samurai@example.com', 'password', 1, false);
INSERT IGNORE INTO users (id, name, postal_code, address, phone_number, email, password, role_id, enabled) VALUES (9, '侍 章緒', '739-2103', '広島県東広島市高屋町宮領X-XX-XX', '090-1234-5678', 'akio.samurai@example.com', 'password', 1, false);
INSERT IGNORE INTO users (id, name, postal_code, address, phone_number, email, password, role_id, enabled) VALUES (10, '侍 祐子', '601-0761', '京都府南丹市美山町高野X-XX-XX', '090-1234-5678', 'yuko.samurai@example.com', 'password', 1, false);
INSERT IGNORE INTO users (id, name, postal_code, address, phone_number, email, password, role_id, enabled) VALUES (11, '侍 秋美', '606-8235', '京都府京都市左京区田中西春菜町X-XX-XX', '090-1234-5678', 'akimi.samurai@example.com', 'password', 1, false);
INSERT IGNORE INTO users (id, name, postal_code, address, phone_number, email, password, role_id, enabled) VALUES (12, '侍 信平', '673-1324', '兵庫県加東市新定X-XX-XX', '090-1234-5678', 'shinpei.samurai@example.com', 'password', 1, false);


-- reservationsテーブル
INSERT IGNORE INTO reservations (id, restaurant_id, user_id, reservation_date, reservation_time, number_of_people) VALUES (1, 1, 1, '2023-04-01', '15:00:00', 2);
INSERT IGNORE INTO reservations (id, restaurant_id, user_id, reservation_date, reservation_time, number_of_people) VALUES (2, 2, 1, '2023-04-01', '15:00:00', 3);
INSERT IGNORE INTO reservations (id, restaurant_id, user_id, reservation_date, reservation_time, number_of_people) VALUES (3, 3, 1, '2023-04-01', '15:00:00', 4);
INSERT IGNORE INTO reservations (id, restaurant_id, user_id, reservation_date, reservation_time, number_of_people) VALUES (4, 4, 1, '2023-04-01', '15:00:00', 5);
INSERT IGNORE INTO reservations (id, restaurant_id, user_id, reservation_date, reservation_time, number_of_people) VALUES (5, 5, 1, '2023-04-01', '15:00:00', 6);
INSERT IGNORE INTO reservations (id, restaurant_id, user_id, reservation_date, reservation_time, number_of_people) VALUES (6, 6, 1, '2023-04-01', '15:00:00', 2);
INSERT IGNORE INTO reservations (id, restaurant_id, user_id, reservation_date, reservation_time, number_of_people) VALUES (7, 7, 1, '2023-04-01', '15:00:00', 3);
INSERT IGNORE INTO reservations (id, restaurant_id, user_id, reservation_date, reservation_time, number_of_people) VALUES (8, 8, 1, '2023-04-01', '15:00:00', 4);
INSERT IGNORE INTO reservations (id, restaurant_id, user_id, reservation_date, reservation_time, number_of_people) VALUES (9, 9, 1, '2023-04-01', '15:00:00', 5);
INSERT IGNORE INTO reservations (id, restaurant_id, user_id, reservation_date, reservation_time, number_of_people) VALUES (10, 10, 1, '2023-04-01', '15:00:00', 6);
INSERT IGNORE INTO reservations (id, restaurant_id, user_id, reservation_date, reservation_time, number_of_people) VALUES (11, 11, 1, '2023-04-01', '15:00:00', 2);


-- categoriesテーブル
INSERT IGNORE INTO categories (id, name) VALUES (1, '煮込み料理');
INSERT IGNORE INTO categories (id, name) VALUES (2, '鍋料理');
INSERT IGNORE INTO categories (id, name) VALUES (3, '焼き物料理');
INSERT IGNORE INTO categories (id, name) VALUES (4, '丼物');
INSERT IGNORE INTO categories (id, name) VALUES (5, '麺料理');
INSERT IGNORE INTO categories (id, name) VALUES (6, '海鮮料理');
INSERT IGNORE INTO categories (id, name) VALUES (7, '揚げ物料理');


-- favoritesテーブル
INSERT IGNORE INTO favorites (id, restaurant_id, user_id) VALUES (1, 1, 1);
INSERT IGNORE INTO favorites (id, restaurant_id, user_id) VALUES (2, 2, 1);
INSERT IGNORE INTO favorites (id, restaurant_id, user_id) VALUES (3, 3, 1);
INSERT IGNORE INTO favorites (id, restaurant_id, user_id) VALUES (4, 4, 1);
INSERT IGNORE INTO favorites (id, restaurant_id, user_id) VALUES (5, 5, 1);
INSERT IGNORE INTO favorites (id, restaurant_id, user_id) VALUES (6, 6, 1);
INSERT IGNORE INTO favorites (id, restaurant_id, user_id) VALUES (7, 7, 1);
INSERT IGNORE INTO favorites (id, restaurant_id, user_id) VALUES (8, 8, 1);
INSERT IGNORE INTO favorites (id, restaurant_id, user_id) VALUES (9, 9, 1);
INSERT IGNORE INTO favorites (id, restaurant_id, user_id) VALUES (10, 10, 1);
INSERT IGNORE INTO favorites (id, restaurant_id, user_id) VALUES (11, 11, 1);


-- reviewsテーブル
INSERT IGNORE INTO reviews (id, restaurant_id, user_id, review_comment, review_star) VALUES (1, 1, 1, 'おいしい', 4);
INSERT IGNORE INTO reviews (id, restaurant_id, user_id, review_comment, review_star) VALUES (2, 1, 2, 'うまい', 3);
INSERT IGNORE INTO reviews (id, restaurant_id, user_id, review_comment, review_star) VALUES (3, 1, 3, 'おいしい', 4);
INSERT IGNORE INTO reviews (id, restaurant_id, user_id, review_comment, review_star) VALUES (4, 1, 4, '微妙', 2);
INSERT IGNORE INTO reviews (id, restaurant_id, user_id, review_comment, review_star) VALUES (5, 1, 5, 'はやい、うまい、やすい', 5);
INSERT IGNORE INTO reviews (id, restaurant_id, user_id, review_comment, review_star) VALUES (6, 1, 6, 'おいしい', 4);
INSERT IGNORE INTO reviews (id, restaurant_id, user_id, review_comment, review_star) VALUES (7, 1, 7, 'うまい', 3);
INSERT IGNORE INTO reviews (id, restaurant_id, user_id, review_comment, review_star) VALUES (8, 1, 8, 'はやい、うまい、やすい', 5);
INSERT IGNORE INTO reviews (id, restaurant_id, user_id, review_comment, review_star) VALUES (9, 1, 9, '微妙', 2);
INSERT IGNORE INTO reviews (id, restaurant_id, user_id, review_comment, review_star) VALUES (10, 1, 10, 'まずい', 1);
INSERT IGNORE INTO reviews (id, restaurant_id, user_id, review_comment, review_star) VALUES (11, 1, 11, 'うまい', 3);
INSERT IGNORE INTO reviews (id, restaurant_id, user_id, review_comment, review_star) VALUES (12, 2, 1, 'おいしい', 4);
INSERT IGNORE INTO reviews (id, restaurant_id, user_id, review_comment, review_star) VALUES (13, 2, 2, 'うまい', 3);
INSERT IGNORE INTO reviews (id, restaurant_id, user_id, review_comment, review_star) VALUES (14, 2, 3, 'おいしい', 4);
INSERT IGNORE INTO reviews (id, restaurant_id, user_id, review_comment, review_star) VALUES (15, 2, 4, '微妙', 2);
INSERT IGNORE INTO reviews (id, restaurant_id, user_id, review_comment, review_star) VALUES (16, 2, 5, 'はやい、うまい、やすい', 5);
INSERT IGNORE INTO reviews (id, restaurant_id, user_id, review_comment, review_star) VALUES (17, 2, 6, 'おいしい', 4);
